yearMonth,sessions,totalUsers,screenPageViews,bounceRate,averageSessionDuration,engagementRate
202512,1012,749,3169,0.55632411067193677,288.37981145355729,0.44367588932806323
